what,kind,bundleId,bundleVersion,description,time
executed,command,org.eclipse.ui,3.7.0.I20110602-0100,"org.eclipse.ui.edit.copy",1360876011428
executed,command,org.eclipse.ui,3.7.0.I20110602-0100,"org.eclipse.ui.edit.paste",1360876012140
executed,command,org.eclipse.ui,3.7.0.I20110602-0100,"org.eclipse.ui.edit.undo",1360876015716
executed,command,org.eclipse.ui,3.7.0.I20110602-0100,"org.eclipse.ui.file.saveAll",1360876018778
executed,command,org.eclipse.jdt.ui,3.7.1.r371_v20110824-0800,"org.eclipse.jdt.ui.edit.text.java.organize.imports",1360876022182
executed,command,org.eclipse.ui,3.7.0.I20110602-0100,"org.eclipse.ui.file.save",1360876024224
executed,command,,,"AUTOGEN:::org.eclipse.jdt.internal.ui.CompilationUnitEditor.ruler.actions/org.eclipse.jdt.internal.ui.javaeditor.JavaSelectRulerAction",1360876029511
activated,view,org.eclipse.jdt.ui,3.7.1.r371_v20110824-0800,"org.eclipse.jdt.ui.PackageExplorer",1360876034980
closed,editor,org.eclipse.jdt.ui,3.7.1.r371_v20110824-0800,"org.eclipse.jdt.ui.CompilationUnitEditor",1360876034981
executed,command,org.eclipse.ui,3.7.0.I20110602-0100,"org.eclipse.ui.file.refresh",1360876043515
deactivated,workbench,org.eclipse.ui.workbench,3.7.0.I20110519-0100,"",1360876051150
activated,workbench,org.eclipse.ui.workbench,3.7.0.I20110519-0100,"",1360876056815
deactivated,workbench,org.eclipse.ui.workbench,3.7.0.I20110519-0100,"",1360876064515
activated,workbench,org.eclipse.ui.workbench,3.7.0.I20110519-0100,"",1360876095931
activated,view,org.eclipse.ui.ide,3.7.0.v20110809-1737,"org.eclipse.ui.views.ProblemView",1360876097699
deactivated,workbench,org.eclipse.ui.workbench,3.7.0.I20110519-0100,"",1360876099940
deactivated,workbench,org.eclipse.ui.workbench,3.7.0.I20110519-0100,"",1360876101629
activated,workbench,org.eclipse.ui.workbench,3.7.0.I20110519-0100,"",1360876101787
opened,editor,org.eclipse.jdt.ui,3.7.1.r371_v20110824-0800,"org.eclipse.jdt.ui.CompilationUnitEditor",1360876106202
activated,editor,org.eclipse.jdt.ui,3.7.1.r371_v20110824-0800,"org.eclipse.jdt.ui.CompilationUnitEditor",1360876106243
deactivated,workbench,org.eclipse.ui.workbench,3.7.0.I20110519-0100,"",1360876118027
executed,command,org.eclipse.ui,3.7.0.I20110602-0100,"org.eclipse.ui.edit.copy",1360876120582
executed,command,org.eclipse.ui,3.7.0.I20110602-0100,"org.eclipse.ui.edit.copy",1360876120805
activated,workbench,org.eclipse.ui.workbench,3.7.0.I20110519-0100,"",1360876155341
activated,view,org.eclipse.jdt.ui,3.7.1.r371_v20110824-0800,"org.eclipse.jdt.ui.PackageExplorer",1360876156579
activated,editor,org.eclipse.jdt.ui,3.7.1.r371_v20110824-0800,"org.eclipse.jdt.ui.CompilationUnitEditor",1360876159106
activated,view,org.eclipse.jdt.ui,3.7.1.r371_v20110824-0800,"org.eclipse.jdt.ui.PackageExplorer",1360876159175
closed,editor,org.eclipse.jdt.ui,3.7.1.r371_v20110824-0800,"org.eclipse.jdt.ui.CompilationUnitEditor",1360876159175
deactivated,workbench,org.eclipse.ui.workbench,3.7.0.I20110519-0100,"",1360876160224
deactivated,workbench,org.eclipse.ui.workbench,3.7.0.I20110519-0100,"",1360876163830
deactivated,workbench,org.eclipse.ui.workbench,3.7.0.I20110519-0100,"",1360876165879
deactivated,workbench,org.eclipse.ui.workbench,3.7.0.I20110519-0100,"",1360876172858
activated,workbench,org.eclipse.ui.workbench,3.7.0.I20110519-0100,"",1360876174497
deactivated,workbench,org.eclipse.ui.workbench,3.7.0.I20110519-0100,"",1360876180697
activated,workbench,org.eclipse.ui.workbench,3.7.0.I20110519-0100,"",1360876182237
deactivated,workbench,org.eclipse.ui.workbench,3.7.0.I20110519-0100,"",1360876188402
activated,workbench,org.eclipse.ui.workbench,3.7.0.I20110519-0100,"",1360876191384
deactivated,workbench,org.eclipse.ui.workbench,3.7.0.I20110519-0100,"",1360876191431
activated,workbench,org.eclipse.ui.workbench,3.7.0.I20110519-0100,"",1360876191505
activated,view,org.eclipse.ui.ide,3.7.0.v20110809-1737,"org.eclipse.ui.views.ProblemView",1360876194058
opened,editor,org.eclipse.jdt.ui,3.7.1.r371_v20110824-0800,"org.eclipse.jdt.ui.CompilationUnitEditor",1360876194311
activated,editor,org.eclipse.jdt.ui,3.7.1.r371_v20110824-0800,"org.eclipse.jdt.ui.CompilationUnitEditor",1360876194345
executed,command,org.eclipse.ui,3.7.0.I20110602-0100,"org.eclipse.ui.edit.text.contentAssist.proposals",1360876199370
deactivated,workbench,org.eclipse.ui.workbench,3.7.0.I20110519-0100,"",1360876201442
activated,workbench,org.eclipse.ui.workbench,3.7.0.I20110519-0100,"",1360876203145
executed,command,org.eclipse.ui,3.7.0.I20110602-0100,"org.eclipse.ui.file.print",1360876203154
executed,command,org.eclipse.ui,3.7.0.I20110602-0100,"org.eclipse.ui.file.saveAll",1360876204150
activated,view,org.eclipse.ui.ide,3.7.0.v20110809-1737,"org.eclipse.ui.views.ProblemView",1360876205074
closed,editor,org.eclipse.jdt.ui,3.7.1.r371_v20110824-0800,"org.eclipse.jdt.ui.CompilationUnitEditor",1360876205074
activated,view,org.eclipse.jdt.ui,3.7.1.r371_v20110824-0800,"org.eclipse.jdt.ui.PackageExplorer",1360876206360
opened,editor,org.eclipse.jdt.ui,3.7.1.r371_v20110824-0800,"org.eclipse.jdt.ui.CompilationUnitEditor",1360876209814
activated,editor,org.eclipse.jdt.ui,3.7.1.r371_v20110824-0800,"org.eclipse.jdt.ui.CompilationUnitEditor",1360876209850
executed,command,org.eclipse.jdt.debug.ui,3.6.1.v20110803_r371,"org.eclipse.jdt.debug.ui.localJavaShortcut.run",1360876216130
started,bundle,org.eclipse.m2e.launching,1.2.0.20120903-1050,"org.eclipse.m2e.launching",1360876216283
deactivated,workbench,org.eclipse.ui.workbench,3.7.0.I20110519-0100,"",1360876216753
opened,view,org.eclipse.ui.console,3.5.100.v20110511,"org.eclipse.ui.console.ConsoleView",1360876216984
activated,workbench,org.eclipse.ui.workbench,3.7.0.I20110519-0100,"",1360876217080
activated,view,org.eclipse.ui.console,3.5.100.v20110511,"org.eclipse.ui.console.ConsoleView",1360876217092
activated,editor,org.eclipse.jdt.ui,3.7.1.r371_v20110824-0800,"org.eclipse.jdt.ui.CompilationUnitEditor",1360876236641
activated,view,org.eclipse.ui.console,3.5.100.v20110511,"org.eclipse.ui.console.ConsoleView",1360876238867
closed,editor,org.eclipse.jdt.ui,3.7.1.r371_v20110824-0800,"org.eclipse.jdt.ui.CompilationUnitEditor",1360876238871
deactivated,workbench,org.eclipse.ui.workbench,3.7.0.I20110519-0100,"",1360876243226
activated,workbench,org.eclipse.ui.workbench,3.7.0.I20110519-0100,"",1360876244516
activated,view,org.eclipse.jdt.ui,3.7.1.r371_v20110824-0800,"org.eclipse.jdt.ui.PackageExplorer",1360876248335
deactivated,workbench,org.eclipse.ui.workbench,3.7.0.I20110519-0100,"",1360876258077
activated,workbench,org.eclipse.ui.workbench,3.7.0.I20110519-0100,"",1360876294168
opened,editor,org.eclipse.jdt.ui,3.7.1.r371_v20110824-0800,"org.eclipse.jdt.ui.CompilationUnitEditor",1360876303205
activated,editor,org.eclipse.jdt.ui,3.7.1.r371_v20110824-0800,"org.eclipse.jdt.ui.CompilationUnitEditor",1360876303247
activated,view,org.eclipse.jdt.ui,3.7.1.r371_v20110824-0800,"org.eclipse.jdt.ui.PackageExplorer",1360876304809
closed,editor,org.eclipse.jdt.ui,3.7.1.r371_v20110824-0800,"org.eclipse.jdt.ui.CompilationUnitEditor",1360876304809
opened,editor,org.eclipse.jdt.ui,3.7.1.r371_v20110824-0800,"org.eclipse.jdt.ui.CompilationUnitEditor",1360876305495
activated,editor,org.eclipse.jdt.ui,3.7.1.r371_v20110824-0800,"org.eclipse.jdt.ui.CompilationUnitEditor",1360876305520
activated,view,org.eclipse.jdt.ui,3.7.1.r371_v20110824-0800,"org.eclipse.jdt.ui.PackageExplorer",1360876307212
closed,editor,org.eclipse.jdt.ui,3.7.1.r371_v20110824-0800,"org.eclipse.jdt.ui.CompilationUnitEditor",1360876307212
opened,editor,org.eclipse.jdt.ui,3.7.1.r371_v20110824-0800,"org.eclipse.jdt.ui.CompilationUnitEditor",1360876308033
activated,editor,org.eclipse.jdt.ui,3.7.1.r371_v20110824-0800,"org.eclipse.jdt.ui.CompilationUnitEditor",1360876308057
activated,view,org.eclipse.jdt.ui,3.7.1.r371_v20110824-0800,"org.eclipse.jdt.ui.PackageExplorer",1360876309942
closed,editor,org.eclipse.jdt.ui,3.7.1.r371_v20110824-0800,"org.eclipse.jdt.ui.CompilationUnitEditor",1360876309942
opened,editor,org.eclipse.jdt.ui,3.7.1.r371_v20110824-0800,"org.eclipse.jdt.ui.CompilationUnitEditor",1360876311020
activated,editor,org.eclipse.jdt.ui,3.7.1.r371_v20110824-0800,"org.eclipse.jdt.ui.CompilationUnitEditor",1360876311043
activated,view,org.eclipse.jdt.ui,3.7.1.r371_v20110824-0800,"org.eclipse.jdt.ui.PackageExplorer",1360876323236
closed,editor,org.eclipse.jdt.ui,3.7.1.r371_v20110824-0800,"org.eclipse.jdt.ui.CompilationUnitEditor",1360876323236
deactivated,workbench,org.eclipse.ui.workbench,3.7.0.I20110519-0100,"",1360876328318
activated,workbench,org.eclipse.ui.workbench,3.7.0.I20110519-0100,"",1360876337476
activated,view,org.eclipse.ui.console,3.5.100.v20110511,"org.eclipse.ui.console.ConsoleView",1360876338591
activated,view,org.eclipse.jdt.ui,3.7.1.r371_v20110824-0800,"org.eclipse.jdt.ui.PackageExplorer",1360876339800
deactivated,workbench,org.eclipse.ui.workbench,3.7.0.I20110519-0100,"",1360876341333
activated,workbench,org.eclipse.ui.workbench,3.7.0.I20110519-0100,"",1360876342590
deactivated,workbench,org.eclipse.ui.workbench,3.7.0.I20110519-0100,"",1360876342927
activated,workbench,org.eclipse.ui.workbench,3.7.0.I20110519-0100,"",1360876344503
deactivated,workbench,org.eclipse.ui.workbench,3.7.0.I20110519-0100,"",1360876349157
activated,workbench,org.eclipse.ui.workbench,3.7.0.I20110519-0100,"",1360876381244
opened,editor,org.eclipse.jdt.ui,3.7.1.r371_v20110824-0800,"org.eclipse.jdt.ui.CompilationUnitEditor",1360876387246
activated,editor,org.eclipse.jdt.ui,3.7.1.r371_v20110824-0800,"org.eclipse.jdt.ui.CompilationUnitEditor",1360876387288
opened,editor,org.eclipse.jdt.ui,3.7.1.r371_v20110824-0800,"org.eclipse.jdt.ui.CompilationUnitEditor",1360876414758
activated,editor,org.eclipse.jdt.ui,3.7.1.r371_v20110824-0800,"org.eclipse.jdt.ui.CompilationUnitEditor",1360876414785
activated,editor,org.eclipse.jdt.ui,3.7.1.r371_v20110824-0800,"org.eclipse.jdt.ui.CompilationUnitEditor",1360876427609
activated,editor,org.eclipse.jdt.ui,3.7.1.r371_v20110824-0800,"org.eclipse.jdt.ui.CompilationUnitEditor",1360876431073
opened,editor,org.eclipse.jdt.ui,3.7.1.r371_v20110824-0800,"org.eclipse.jdt.ui.CompilationUnitEditor",1360876432958
activated,editor,org.eclipse.jdt.ui,3.7.1.r371_v20110824-0800,"org.eclipse.jdt.ui.CompilationUnitEditor",1360876432981
activated,editor,org.eclipse.jdt.ui,3.7.1.r371_v20110824-0800,"org.eclipse.jdt.ui.CompilationUnitEditor",1360876442860
activated,editor,org.eclipse.jdt.ui,3.7.1.r371_v20110824-0800,"org.eclipse.jdt.ui.CompilationUnitEditor",1360876449051
deactivated,workbench,org.eclipse.ui.workbench,3.7.0.I20110519-0100,"",1360876455137
activated,workbench,org.eclipse.ui.workbench,3.7.0.I20110519-0100,"",1360876456730
executed,command,org.eclipse.ui,3.7.0.I20110602-0100,"org.eclipse.ui.edit.delete",1360876463588
executed,command,org.eclipse.ui,3.7.0.I20110602-0100,"org.eclipse.ui.file.saveAll",1360876465464
activated,editor,org.eclipse.jdt.ui,3.7.1.r371_v20110824-0800,"org.eclipse.jdt.ui.CompilationUnitEditor",1360876472551
activated,editor,org.eclipse.jdt.ui,3.7.1.r371_v20110824-0800,"org.eclipse.jdt.ui.CompilationUnitEditor",1360876480679
activated,editor,org.eclipse.jdt.ui,3.7.1.r371_v20110824-0800,"org.eclipse.jdt.ui.CompilationUnitEditor",1360876482415
opened,editor,org.eclipse.jdt.ui,3.7.1.r371_v20110824-0800,"org.eclipse.jdt.ui.CompilationUnitEditor",1360876491901
activated,editor,org.eclipse.jdt.ui,3.7.1.r371_v20110824-0800,"org.eclipse.jdt.ui.CompilationUnitEditor",1360876491925
executed,command,org.eclipse.jdt.ui,3.7.1.r371_v20110824-0800,"org.eclipse.jdt.ui.edit.text.java.open.editor",1360876491947
executed,command,org.eclipse.ui.editors,3.7.0.v20110517-0800,"org.eclipse.ui.editors.lineNumberToggle",1360876503858
executed,command,,,"AUTOGEN:::org.eclipse.jdt.debug.CompilationUnitEditor.BreakpointRulerActions/org.eclipse.jdt.debug.ui.actions.ManageBreakpointRulerAction",1360876505081
deactivated,workbench,org.eclipse.ui.workbench,3.7.0.I20110519-0100,"",1360876507422
activated,workbench,org.eclipse.ui.workbench,3.7.0.I20110519-0100,"",1360876507491
deactivated,workbench,org.eclipse.ui.workbench,3.7.0.I20110519-0100,"",1360876507509
activated,workbench,org.eclipse.ui.workbench,3.7.0.I20110519-0100,"",1360876508605
error,log,,,"Referenced part does not exist yet: org.eclipse.ui.views.ProblemView.",1360876508629
opened,view,org.eclipse.debug.ui,3.7.101.v20110817_r371,"org.eclipse.debug.ui.DebugView",1360876508908
opened,view,org.eclipse.debug.ui,3.7.101.v20110817_r371,"org.eclipse.debug.ui.VariableView",1360876508999
opened,view,org.eclipse.ui.views,3.6.0.I20110412-0800,"org.eclipse.ui.views.ContentOutline",1360876509055
activated,perspective,org.eclipse.debug.ui,3.7.101.v20110817_r371,"org.eclipse.debug.ui.DebugPerspective",1360876509096
opened,view,org.eclipse.debug.ui,3.7.101.v20110817_r371,"org.eclipse.debug.ui.BreakpointView",1360876509879
executed,command,org.eclipse.debug.ui,3.7.101.v20110817_r371,"org.eclipse.debug.ui.commands.StepOver",1360876511206
executed,command,org.eclipse.debug.ui,3.7.101.v20110817_r371,"org.eclipse.debug.ui.commands.StepOver",1360876514233
executed,command,org.eclipse.debug.ui,3.7.101.v20110817_r371,"org.eclipse.debug.ui.commands.StepOver",1360876516647
executed,command,org.eclipse.debug.ui,3.7.101.v20110817_r371,"org.eclipse.debug.ui.commands.StepOver",1360876519526
executed,command,org.eclipse.debug.ui,3.7.101.v20110817_r371,"org.eclipse.debug.ui.commands.StepOver",1360876519753
executed,command,org.eclipse.debug.ui,3.7.101.v20110817_r371,"org.eclipse.debug.ui.commands.StepOver",1360876519921
executed,command,org.eclipse.debug.ui,3.7.101.v20110817_r371,"org.eclipse.debug.ui.commands.StepOver",1360876520076
executed,command,org.eclipse.debug.ui,3.7.101.v20110817_r371,"org.eclipse.debug.ui.commands.StepOver",1360876520231
executed,command,org.eclipse.debug.ui,3.7.101.v20110817_r371,"org.eclipse.debug.ui.commands.StepOver",1360876522684
executed,command,org.eclipse.debug.ui,3.7.101.v20110817_r371,"org.eclipse.debug.ui.commands.Resume",1360876523680
activated,view,org.eclipse.ui.console,3.5.100.v20110511,"org.eclipse.ui.console.ConsoleView",1360876526812
activated,perspective,org.eclipse.jdt.ui,3.7.1.r371_v20110824-0800,"org.eclipse.jdt.ui.JavaPerspective",1360876528318
activated,editor,org.eclipse.jdt.ui,3.7.1.r371_v20110824-0800,"org.eclipse.jdt.ui.CompilationUnitEditor",1360876528336
executed,command,org.eclipse.jdt.ui,3.7.1.r371_v20110824-0800,"org.eclipse.jdt.ui.edit.text.java.open.editor",1360876531718
deactivated,workbench,org.eclipse.ui.workbench,3.7.0.I20110519-0100,"",1360876548666
activated,workbench,org.eclipse.ui.workbench,3.7.0.I20110519-0100,"",1360876548700
deactivated,workbench,org.eclipse.ui.workbench,3.7.0.I20110519-0100,"",1360876548731
activated,workbench,org.eclipse.ui.workbench,3.7.0.I20110519-0100,"",1360876549860
activated,perspective,org.eclipse.debug.ui,3.7.101.v20110817_r371,"org.eclipse.debug.ui.DebugPerspective",1360876549918
activated,view,org.eclipse.debug.ui,3.7.101.v20110817_r371,"org.eclipse.debug.ui.DebugView",1360876551524
executed,command,org.eclipse.debug.ui,3.7.101.v20110817_r371,"org.eclipse.debug.ui.commands.StepOver",1360876552151
executed,command,org.eclipse.debug.ui,3.7.101.v20110817_r371,"org.eclipse.debug.ui.commands.StepOver",1360876552651
activated,editor,org.eclipse.jdt.ui,3.7.1.r371_v20110824-0800,"org.eclipse.jdt.ui.CompilationUnitEditor",1360876555240
opened,editor,org.eclipse.jdt.ui,3.7.1.r371_v20110824-0800,"org.eclipse.jdt.ui.CompilationUnitEditor",1360876556334
activated,editor,org.eclipse.jdt.ui,3.7.1.r371_v20110824-0800,"org.eclipse.jdt.ui.CompilationUnitEditor",1360876556403
executed,command,org.eclipse.jdt.ui,3.7.1.r371_v20110824-0800,"org.eclipse.jdt.ui.edit.text.java.open.editor",1360876556424
activated,editor,org.eclipse.jdt.ui,3.7.1.r371_v20110824-0800,"org.eclipse.jdt.ui.CompilationUnitEditor",1360876559863
closed,editor,org.eclipse.jdt.ui,3.7.1.r371_v20110824-0800,"org.eclipse.jdt.ui.CompilationUnitEditor",1360876559863
executed,command,org.eclipse.debug.ui,3.7.101.v20110817_r371,"org.eclipse.debug.ui.commands.StepOver",1360876561272
executed,command,org.eclipse.debug.ui,3.7.101.v20110817_r371,"org.eclipse.debug.ui.commands.StepOver",1360876565337
executed,command,org.eclipse.debug.ui,3.7.101.v20110817_r371,"org.eclipse.debug.ui.commands.StepOver",1360876566753
executed,command,org.eclipse.debug.ui,3.7.101.v20110817_r371,"org.eclipse.debug.ui.commands.StepOver",1360876567712
executed,command,org.eclipse.debug.ui,3.7.101.v20110817_r371,"org.eclipse.debug.ui.commands.StepOver",1360876568019
executed,command,org.eclipse.debug.ui,3.7.101.v20110817_r371,"org.eclipse.debug.ui.commands.StepOver",1360876569054
executed,command,org.eclipse.debug.ui,3.7.101.v20110817_r371,"org.eclipse.debug.ui.commands.StepOver",1360876571264
executed,command,org.eclipse.debug.ui,3.7.101.v20110817_r371,"org.eclipse.debug.ui.commands.StepOver",1360876573154
activated,editor,org.eclipse.jdt.ui,3.7.1.r371_v20110824-0800,"org.eclipse.jdt.ui.CompilationUnitEditor",1360876573260
executed,command,org.eclipse.debug.ui,3.7.101.v20110817_r371,"org.eclipse.debug.ui.commands.StepOver",1360876574418
executed,command,org.eclipse.debug.ui,3.7.101.v20110817_r371,"org.eclipse.debug.ui.commands.StepOver",1360876574878
opened,editor,org.eclipse.jdt.ui,3.7.1.r371_v20110824-0800,"org.eclipse.jdt.ui.CompilationUnitEditor",1360876577500
activated,editor,org.eclipse.jdt.ui,3.7.1.r371_v20110824-0800,"org.eclipse.jdt.ui.CompilationUnitEditor",1360876577569
activated,editor,org.eclipse.jdt.ui,3.7.1.r371_v20110824-0800,"org.eclipse.jdt.ui.CompilationUnitEditor",1360876579344
closed,editor,org.eclipse.jdt.ui,3.7.1.r371_v20110824-0800,"org.eclipse.jdt.ui.CompilationUnitEditor",1360876579344
activated,editor,org.eclipse.jdt.ui,3.7.1.r371_v20110824-0800,"org.eclipse.jdt.ui.CompilationUnitEditor",1360876582634
deactivated,workbench,org.eclipse.ui.workbench,3.7.0.I20110519-0100,"",1360876583661
executed,command,org.eclipse.jdt.ui,3.7.1.r371_v20110824-0800,"org.eclipse.jdt.ui.edit.text.java.show.outline",1360876583721
activated,workbench,org.eclipse.ui.workbench,3.7.0.I20110519-0100,"",1360876585204
deactivated,workbench,org.eclipse.ui.workbench,3.7.0.I20110519-0100,"",1360876595945
activated,workbench,org.eclipse.ui.workbench,3.7.0.I20110519-0100,"",1360876610076
deactivated,workbench,org.eclipse.ui.workbench,3.7.0.I20110519-0100,"",1360876610841
activated,workbench,org.eclipse.ui.workbench,3.7.0.I20110519-0100,"",1360876612207
executed,command,org.eclipse.debug.ui,3.7.101.v20110817_r371,"org.eclipse.debug.ui.commands.Resume",1360876615311
activated,view,org.eclipse.ui.console,3.5.100.v20110511,"org.eclipse.ui.console.ConsoleView",1360876617323
activated,perspective,org.eclipse.jdt.ui,3.7.1.r371_v20110824-0800,"org.eclipse.jdt.ui.JavaPerspective",1360876618131
activated,editor,org.eclipse.jdt.ui,3.7.1.r371_v20110824-0800,"org.eclipse.jdt.ui.CompilationUnitEditor",1360876618148
activated,view,org.eclipse.ui.console,3.5.100.v20110511,"org.eclipse.ui.console.ConsoleView",1360876624597
activated,editor,org.eclipse.jdt.ui,3.7.1.r371_v20110824-0800,"org.eclipse.jdt.ui.CompilationUnitEditor",1360876625663
activated,view,org.eclipse.ui.console,3.5.100.v20110511,"org.eclipse.ui.console.ConsoleView",1360876633652
deactivated,workbench,org.eclipse.ui.workbench,3.7.0.I20110519-0100,"",1360876634238
activated,workbench,org.eclipse.ui.workbench,3.7.0.I20110519-0100,"",1360876662496
deactivated,workbench,org.eclipse.ui.workbench,3.7.0.I20110519-0100,"",1360876663048
activated,workbench,org.eclipse.ui.workbench,3.7.0.I20110519-0100,"",1360876665232
activated,editor,org.eclipse.jdt.ui,3.7.1.r371_v20110824-0800,"org.eclipse.jdt.ui.CompilationUnitEditor",1360876665873
activated,view,org.eclipse.ui.console,3.5.100.v20110511,"org.eclipse.ui.console.ConsoleView",1360876670656
deactivated,workbench,org.eclipse.ui.workbench,3.7.0.I20110519-0100,"",1360876673367
activated,workbench,org.eclipse.ui.workbench,3.7.0.I20110519-0100,"",1360876674578
activated,editor,org.eclipse.jdt.ui,3.7.1.r371_v20110824-0800,"org.eclipse.jdt.ui.CompilationUnitEditor",1360876676247
opened,editor,org.eclipse.jdt.ui,3.7.1.r371_v20110824-0800,"org.eclipse.jdt.ui.ClassFileEditor",1360876683568
activated,editor,org.eclipse.jdt.ui,3.7.1.r371_v20110824-0800,"org.eclipse.jdt.ui.ClassFileEditor",1360876683705
activated,editor,org.eclipse.jdt.ui,3.7.1.r371_v20110824-0800,"org.eclipse.jdt.ui.CompilationUnitEditor",1360876685307
closed,editor,org.eclipse.jdt.ui,3.7.1.r371_v20110824-0800,"org.eclipse.jdt.ui.ClassFileEditor",1360876685308
opened,editor,org.eclipse.jdt.ui,3.7.1.r371_v20110824-0800,"org.eclipse.jdt.ui.CompilationUnitEditor",1360876697402
activated,editor,org.eclipse.jdt.ui,3.7.1.r371_v20110824-0800,"org.eclipse.jdt.ui.CompilationUnitEditor",1360876697459
executed,command,org.eclipse.jdt.ui,3.7.1.r371_v20110824-0800,"org.eclipse.jdt.ui.edit.text.java.open.editor",1360876697473
activated,editor,org.eclipse.jdt.ui,3.7.1.r371_v20110824-0800,"org.eclipse.jdt.ui.CompilationUnitEditor",1360876699067
closed,editor,org.eclipse.jdt.ui,3.7.1.r371_v20110824-0800,"org.eclipse.jdt.ui.CompilationUnitEditor",1360876699067
executed,command,org.eclipse.jdt.ui,3.7.1.r371_v20110824-0800,"org.eclipse.jdt.ui.edit.text.java.open.editor",1360876702372
deactivated,workbench,org.eclipse.ui.workbench,3.7.0.I20110519-0100,"",1360876708020
activated,workbench,org.eclipse.ui.workbench,3.7.0.I20110519-0100,"",1360876719195
opened,editor,org.eclipse.jdt.ui,3.7.1.r371_v20110824-0800,"org.eclipse.jdt.ui.CompilationUnitEditor",1360876722171
activated,editor,org.eclipse.jdt.ui,3.7.1.r371_v20110824-0800,"org.eclipse.jdt.ui.CompilationUnitEditor",1360876722227
executed,command,org.eclipse.jdt.ui,3.7.1.r371_v20110824-0800,"org.eclipse.jdt.ui.edit.text.java.open.editor",1360876722233
activated,editor,org.eclipse.jdt.ui,3.7.1.r371_v20110824-0800,"org.eclipse.jdt.ui.CompilationUnitEditor",1360876732187
opened,editor,org.eclipse.jdt.ui,3.7.1.r371_v20110824-0800,"org.eclipse.jdt.ui.CompilationUnitEditor",1360876733583
activated,editor,org.eclipse.jdt.ui,3.7.1.r371_v20110824-0800,"org.eclipse.jdt.ui.CompilationUnitEditor",1360876733644
executed,command,,,"AUTOGEN:::org.eclipse.jdt.debug.CompilationUnitEditor.BreakpointRulerActions/org.eclipse.jdt.debug.ui.actions.ManageBreakpointRulerAction",1360876737411
activated,editor,org.eclipse.jdt.ui,3.7.1.r371_v20110824-0800,"org.eclipse.jdt.ui.CompilationUnitEditor",1360876740001
executed,command,,,"AUTOGEN:::org.eclipse.jdt.debug.CompilationUnitEditor.BreakpointRulerActions/org.eclipse.jdt.debug.ui.actions.ManageBreakpointRulerAction",1360876741255
activated,editor,org.eclipse.jdt.ui,3.7.1.r371_v20110824-0800,"org.eclipse.jdt.ui.CompilationUnitEditor",1360876742030
activated,editor,org.eclipse.jdt.ui,3.7.1.r371_v20110824-0800,"org.eclipse.jdt.ui.CompilationUnitEditor",1360876742567
activated,editor,org.eclipse.jdt.ui,3.7.1.r371_v20110824-0800,"org.eclipse.jdt.ui.CompilationUnitEditor",1360876743663
activated,view,org.eclipse.jdt.ui,3.7.1.r371_v20110824-0800,"org.eclipse.jdt.ui.PackageExplorer",1360876745231
activated,editor,org.eclipse.jdt.ui,3.7.1.r371_v20110824-0800,"org.eclipse.jdt.ui.CompilationUnitEditor",1360876748405
activated,editor,org.eclipse.jdt.ui,3.7.1.r371_v20110824-0800,"org.eclipse.jdt.ui.CompilationUnitEditor",1360876749309
activated,editor,org.eclipse.jdt.ui,3.7.1.r371_v20110824-0800,"org.eclipse.jdt.ui.CompilationUnitEditor",1360876749862
activated,editor,org.eclipse.jdt.ui,3.7.1.r371_v20110824-0800,"org.eclipse.jdt.ui.CompilationUnitEditor",1360876751120
opened,editor,org.eclipse.jdt.ui,3.7.1.r371_v20110824-0800,"org.eclipse.jdt.ui.CompilationUnitEditor",1360876755741
activated,editor,org.eclipse.jdt.ui,3.7.1.r371_v20110824-0800,"org.eclipse.jdt.ui.CompilationUnitEditor",1360876755810
activated,editor,org.eclipse.jdt.ui,3.7.1.r371_v20110824-0800,"org.eclipse.jdt.ui.CompilationUnitEditor",1360876760365
activated,editor,org.eclipse.jdt.ui,3.7.1.r371_v20110824-0800,"org.eclipse.jdt.ui.CompilationUnitEditor",1360876761432
activated,editor,org.eclipse.jdt.ui,3.7.1.r371_v20110824-0800,"org.eclipse.jdt.ui.CompilationUnitEditor",1360876762096
activated,editor,org.eclipse.jdt.ui,3.7.1.r371_v20110824-0800,"org.eclipse.jdt.ui.CompilationUnitEditor",1360876767632
deactivated,workbench,org.eclipse.ui.workbench,3.7.0.I20110519-0100,"",1360876772774
activated,workbench,org.eclipse.ui.workbench,3.7.0.I20110519-0100,"",1360876772809
deactivated,workbench,org.eclipse.ui.workbench,3.7.0.I20110519-0100,"",1360876772826
activated,editor,org.eclipse.jdt.ui,3.7.1.r371_v20110824-0800,"org.eclipse.jdt.ui.CompilationUnitEditor",1360876772910
activated,workbench,org.eclipse.ui.workbench,3.7.0.I20110519-0100,"",1360876773975
activated,perspective,org.eclipse.debug.ui,3.7.101.v20110817_r371,"org.eclipse.debug.ui.DebugPerspective",1360876774027
executed,command,org.eclipse.debug.ui,3.7.101.v20110817_r371,"org.eclipse.debug.ui.commands.StepOver",1360876775904
executed,command,org.eclipse.debug.ui,3.7.101.v20110817_r371,"org.eclipse.debug.ui.commands.StepOver",1360876779817
executed,command,org.eclipse.debug.ui,3.7.101.v20110817_r371,"org.eclipse.debug.ui.commands.StepOver",1360876783763
executed,command,org.eclipse.debug.ui,3.7.101.v20110817_r371,"org.eclipse.debug.ui.commands.StepOver",1360876784757
executed,command,org.eclipse.debug.ui,3.7.101.v20110817_r371,"org.eclipse.debug.ui.commands.StepOver",1360876785027
executed,command,org.eclipse.debug.ui,3.7.101.v20110817_r371,"org.eclipse.debug.ui.commands.StepOver",1360876785220
executed,command,org.eclipse.debug.ui,3.7.101.v20110817_r371,"org.eclipse.debug.ui.commands.StepOver",1360876785375
executed,command,org.eclipse.debug.ui,3.7.101.v20110817_r371,"org.eclipse.debug.ui.commands.StepOver",1360876786257
executed,command,org.eclipse.debug.ui,3.7.101.v20110817_r371,"org.eclipse.debug.ui.commands.StepOver",1360876786527
executed,command,org.eclipse.debug.ui,3.7.101.v20110817_r371,"org.eclipse.debug.ui.commands.Resume",1360876787101
activated,editor,org.eclipse.jdt.ui,3.7.1.r371_v20110824-0800,"org.eclipse.jdt.ui.CompilationUnitEditor",1360876787206
activated,view,org.eclipse.ui.console,3.5.100.v20110511,"org.eclipse.ui.console.ConsoleView",1360876788831
deactivated,workbench,org.eclipse.ui.workbench,3.7.0.I20110519-0100,"",1360876790583
activated,workbench,org.eclipse.ui.workbench,3.7.0.I20110519-0100,"",1360876799561
activated,editor,org.eclipse.jdt.ui,3.7.1.r371_v20110824-0800,"org.eclipse.jdt.ui.CompilationUnitEditor",1360876799586
executed,command,org.eclipse.debug.ui,3.7.101.v20110817_r371,"org.eclipse.debug.ui.commands.StepOver",1360876800209
executed,command,org.eclipse.debug.ui,3.7.101.v20110817_r371,"org.eclipse.debug.ui.commands.StepOver",1360876801244
executed,command,org.eclipse.debug.ui,3.7.101.v20110817_r371,"org.eclipse.debug.ui.commands.StepOver",1360876801742
